may-2025-new-gay-lesbian-tv-movies-what-to-stream,2025,may,17
january-2025-whats-new-gay-and-streaming-on-netflix-max-prime-video-peacock-and-apple-tv,2025,january,11
september-2020-streaming,2020,september,26
november-2020-streaming,2020,november,20
august-2025-new-gay-streaming,2025,august,9
november-2023-lgbt-streaming,2023,november,16
winter-2019-tv-preview-all-the-lesbian-queer-and-bisexual-tv-for-your-new-year-445015,2019,winter,21
a-gay-girls-guide-to-fall-2013-television-196326,2013,fall,24
october-2020-streaming,2020,october,16
march-2023-new-gay-streaming,2023,march,25
june-2024-whats-new-gay-and-streaming-on-netflix-max-hulu-peacock-amc-disney-and-paramount,2024,june,39
january-2021-streaming,2021,january,25
december-2022-whats-new-and-gay-on-hbo-max-netflix-prime-video-peacock-hulu-paramount-and-prime-video,2022,december,15
november-2025-whats-gay-streaming,2025,november,19
september-2025-new-gay-streaming,2025,september,16
winter-2020-tv-preview,2020,winter,20
december-2023-gay-and-streaming-on-netflix-hulu-max-starz-and-peacock,2023,december,18
summer-2011-tv-preview-five-shows-these-homos-will-be-watching-91681,2011,summer,20
december-2025-whats-new-gay-and-streaming-on-netflix-starz-prime-video-peacock-amc-and-hallmark,2025,december,13
may-2022-heres-whats-new-and-gay-on-netflix-hulu-hbo-max-amazon-prime-video-peacock-and-showtime,2022,may,22
autostraddles-fall-2010-television-preview-59779,2010,fall,22
october-2025-whats-new-gay-and-streaming-on-hulu-prime-video-netflix-hbo-max-mubi-peacock-and-britbox,2025,october,12
december-2020-streaming,2020,december,22
april-2021,2021,april,25
july-2025-whats-new-gay-and-streaming-netflix-hulu-hbo-max-peacock-apple-tv,2025,july,14
august-2023-new-gay-streaming,2023,august,16
march-2024-whats-new-gay-streaming-netflix-peacock-hbo-hulu-prim-video-paramount,2024,march,20
october-2021-gay-streaming-netflix-hulu-hbomax-amazon-peacock-apple-hulu,2021,october,33
december-2024-new-gay-streaming,2024,december,13
january-2026-whats-new-gay-and-streaming-on-netflix-hulu-peacock-bet-and-paramount,2026,january,9
june-2021-heres-whats-new-and-gay-and-streaming-on-netflix-hulu-amazon-and-hbo-max,2021,june,30
july-2024-whats-new-gay-and-streaming,2024,july,9
fall-2018-queer-tv-preview-lesbian-and-bisexual-characters-to-tentatively-anticipate-429614,2018,fall,17
february-2021-514638,2021,february,15
november-2024-new-gay-streaming-netflix-prime-video-max-apple-tv,2024,november,15
march-2022-whats-new-gay-and-streaming-on-netflix-hulu-hbo-max-amazon-prime-peacock-and-paramount-plus,2022,march,34
february-2025-whats-new-gay-and-streaming-on-netflix-hulu-max-paramount-prime-video-and-peacock,2025,february,12
february-2023-whats-new-gay-and-streaming-on-netflix-hbo-max-hulu-prime-video-peacock-disney-shudder-and-paramount,2023,february,21
may-2024-whats-new-gay-and-streaming-netflix-max-prime-video-hulu-paramount-apple-tv-peacock,2024,may,20
september-2024-whats-new-gay-and-streaming-on-netflix-hulu-paramount-and-mgm,2024,september,22
spring-summer-2018-tv-preview-all-the-lesbian-and-bisexual-and-trans-women-tv-characters-your-heart-requires-418534,2018,summer,27
april-2023-whats-new-gay-netflix-prime-video-hulu-hbo-maxetc,2023,april,21
august-2022-whats-new-and-gay-and-streaming-on-netflix-amazon-prime-video-netflix-hulu-disney-amc-and-paramount,2022,august,22
november-2022-queer-streaming-guide,2022,november,18
whats-gay-streaming-in-february-2024,2024,february,14
march-2021-517829,2021,march,18
april-2024-whats-new-and-gay-streaming,2024,april,28
new-gay-streaming-pride-june-2025-netflix-hbo-max-prime-video-apple-peacock-hulu-disney-britbox-bet,2025,june,26
whats-new-gay-and-streaming-in-february-2026-on-netflix-prime-video-apple-tv-peacock-and-tubi,2026,february,9
november-2021-whats-new-and-gay-on-netflix-paramount-showtime-amazon-prime-apple-tv-hbo-max-and-more,2021,november,20
october-2022-whats-new-and-gay-on-netflix-peacock-hulu-prime-video-hbo-max-showtime-shudder-paramount-and-disney,2022,october,29
september-2021-whats-new-and-gay-on-netflix-hulu-amazon-prime-video-and-hbo-max,2021,september,16
march-2025-whats-new-gay-and-streaming-on-netflix-hulu-max-paramount-prime-video-and-peacock,2025,march,16
may-2021-524104,2021,may,22
september-2022-whats-new-and-gay-on-netflix-peacock-hulu-paramount-disney,2022,september,26
september-2023-whats-new-gay-and-streaming-on-netflix-prime-video-hulu-showtime-max-and-disney,2023,september,14
january-2022-heres-whats-new-and-gay-on-netflix-hbo-max-and-hulu-in-january-2022,2022,january,18
april-2022-whats-new-and-gay-on-netflix-hulu-hbo-max-showtime-and-paramount,2022,april,22
february-2022-whats-new-and-gay-on-netflix-hulu-peacock-hbo-max-amc-disney-and-amazon-prime-video,2022,february,22
spring-2019-tv-preview-shows-thatll-please-your-eyeballs-with-lgbtq-women-characters-454850,2019,spring,10
october-2023-whats-new-gay-and-streaming,2023,october,13
your-fall-2015-gay-tv-preview-304311,2015,fall,19
june-2023-whats-gay-and-streaming-on-netflix-hulu-max-prime-video-paramount-apple-tv,2023,june,20
may-2023-whats-new-gay-and-streaming-on-netflix-hulu-paramount-and-hbo-max,2023,may,19
august-2021-heres-whats-new-gay-and-streaming-on-netflix-hulu-hbo-max-showtime-and-amazon-prime-video,2021,august,26
december-2021-whats-new-gay-and-streaming-on-netflix-amazon-prime-video-hulu-hbo-max-and-peacock,2021,december,26
july-2023-gay-streaming,2023,july,16
new-gay-streaming-june-2022-netflix-hbomax-hulu-peacock-amazon-appletv-starz-showtime,2022,june,43
july-2022-whats-new-and-gay-and-streaming-on-hbo-max-amazon-prime-video-netflix-hulu-disney-and-paramount,2022,july,15
january-2023-new-streaming-tv-shows-movies-gay-lesbian-queer-netflix-hulu-prime-video-peacock,2023,january,24
march-2026-whats-new-gay-and-streaming,2026,march,16
april-2025-whats-new-gay-and-streaming-on-netflix-max-hulu-prime-video-paramoount-peacock-and-apple-tv,2025,april,22
july-2021-whats-new-gay-and-streaming-on-netflix-hulu-hbo-max-and-amazon-prime,2021,july,32
new-gay-streaming-august-2024,2024,august,16
27-summer-2019-tv-shows-for-queers-to-watch-out-for,2019,summer,31
january-2024-new-gay-streaming,2024,january,24
winter-2012-teevee-preview-nine-shows-you-might-like-126649,2012,winter,11
